<?xml version="1.0" encoding="UTF-8" ?>
<configuration debug="true">
    <!-- 日志保存路径 -->
    <property name="LOG_HOME" value="./logs" />


    <!-- 控制台输出 -->
    <appender name="CONSOLE" class="ch.qos.logback.core.ConsoleAppender">
        <withJansi>true</withJansi>
        <encoder class="ch.qos.logback.classic.encoder.PatternLayoutEncoder">
            <!-- 格式化输出：%d日期 %thread线程名，%-5level级别从左5个字符串宽度，%msg日志消息，%n换行 -->
            <pattern>%d{yyyy-MM-dd HH:mm:ss} %highlight(%-5level) [%thread] %cyan(%logger{15}) - %highlight(%msg) %n</pattern>
        </encoder>
    </appender>


    <!-- 文件日志 -->
    <appender name="FILE" class="ch.qos.logback.core.rolling.RollingFileAppender">
        <rollingPolicy class="ch.qos.logback.core.rolling.TimeBasedRollingPolicy">
            <!-- 日志文件名称 -->
            <FileNamePattern>${LOG_HOME}/run_%d{yyyy-MM-dd}.log</FileNamePattern>

            <!-- 日志文件保留天数 -->
            <MaxHistory>30</MaxHistory>
        </rollingPolicy>

        <encoder class="ch.qos.logback.classic.encoder.PatternLayoutEncoder">
            <pattern>%d{yyyy-MM-dd HH:mm:ss} %-5level [%thread] %logger{50} - %msg %n</pattern>
        </encoder>

        <!-- 设置日志文件最大大小 -->
        <triggeringPolicy class="ch.qos.logback.core.rolling.SizeBasedTriggeringPolicy">
            <MaxFileSize>10MB</MaxFileSize>
        </triggeringPolicy>
    </appender>


    <!-- myibatis log configure -->
    <logger name="com.apple.ibatis" level="TRACE" />
    <logger name="java.sql.Connection" level="DEBUG" />
    <logger name="java.sql.Statement" level="DEBUG" />
    <logger name="java.sql.PreparedStatement" level="DEBUG" />

    <!-- 日志输出 -->
    <root level="INFO">
        <appender-ref ref="CONSOLE" />
        <appender-ref ref="FILE" />
    </root>
</configuration>

















